{
  "Disabled": false,
  "Testing": false,
  "ScheduledForDeletion": false,
  "InstalledFromUrl": "",
  "IsThirdParty": false,
  "EffectiveVersion": null,
  "Author": "UnknownX",
  "Name": "DalamudRepoBrowser",
  "Punchline": "Browse and add third party repositories in an instant",
  "Description": "An interface for browsing and managing third party repositories.",
  "Changelog": "",
  "Tags": null,
  "CategoryTags": [
    "other"
  ],
  "IsHide": false,
  "InternalName": "DalamudRepoBrowser",
  "AssemblyVersion": null,
  "TestingAssemblyVersion": null,
  "IsTestingExclusive": false,
  "RepoUrl": "https://github.com/UnknownX7/DalamudRepoBrowser",
  "ApplicableVersion": "any",
  "DalamudApiLevel": 7,
  "DownloadCount": 0,
  "LastUpdate": 0,
  "DownloadLinkInstall": null,
  "DownloadLinkUpdate": null,
  "DownloadLinkTesting": null,
  "LoadRequiredState": 0,
  "LoadSync": false,
  "LoadPriority": 0,
  "CanUnloadAsync": false,
  "ImageUrls": [
    ""
  ],
  "IconUrl": "",
  "AcceptsFeedback": true,
  "FeedbackMessage": null,
  "_isDip17Plugin": false,
  "_Dip17Channel": null
}